
Running time
	20	
1	00:01:21.0613802	
2	00:00:45.1626277	
4	00:00:26.2609033	
6	00:00:20.3281065	
8	00:00:17.4989494	

Running time in ticks
	20	
1	810613802	
2	451626277	
4	262609033	
6	203281065	
8	174989494	

Number of times a thread has waited for work
	20	
1	0	
2	110	
4	758	
6	1917	
8	2930	

Number of ticks a thread has waited for work
	20	
1	0	
2	714722	
4	1539202	
6	2955040	
8	4382341	

Number of ticks a thread has waited to enter TryGetWork method
	20	
1	1263533	
2	3450338	
4	9045497	
6	16780388	
8	31507326	

Number of times a thread has completed a computational kernel
	20	
1	586508	
2	586508	
4	586508	
6	586508	
8	586508	

Number of times a thread has received work from a secondary producer (in pipelined mode)
	20	
1	0	
2	57	
4	302	
6	567	
8	1422	

Number of times threads have waited to long for a pulse / waited to long for a pulse when producer was completed
	20	
1	0,0	
2	0,0	
4	0,0	
6	0,0	
8	0,0	
