
Running time
	10	
1	00:02:05.3409093	
2	00:01:30.7895292	
4	00:01:15.3275299	
6	00:01:12.1368155	
8	00:01:15.9610583	

Running time in ticks
	10	
1	1253409093	
2	907895292	
4	753275299	
6	721368155	
8	759610583	

Number of times a thread has waited for work
	10	
1	0	
2	86	
4	329	
6	573	
8	862	

Number of ticks a thread has waited for work
	10	
1	0	
2	145464	
4	735435	
6	1303057	
8	2429430	

Number of ticks a thread has waited to enter TryGetWork method
	10	
1	8716592	
2	31861388	
4	119874213	
6	277855441	
8	465818838	

Number of times a thread has completed a computational kernel
	10	
1	4470458	
2	4470458	
4	4470458	
6	4470458	
8	4470458	

Number of times a thread has received work from a secondary producer (in pipelined mode)
	10	
1	0	
2	67	
4	262	
6	496	
8	664	

Number of times threads have waited to long for a pulse / waited to long for a pulse when producer was completed
	10	
1	0,0	
2	0,0	
4	0,0	
6	0,0	
8	0,0	
