
Running time
	40	
1	00:01:16.0536323	
2	00:00:38.7399981	
4	00:00:20.1142899	
6	00:00:13.9945498	
8	00:00:10.9551557	

Running time in ticks
	40	
1	760536323	
2	387399981	
4	201142899	
6	139945498	
8	109551557	

Number of times a thread has waited for work
	40	
1	0	
2	131	
4	1107	
6	2689	
8	4322	

Number of ticks a thread has waited for work
	40	
1	0	
2	1501755	
4	6299516	
6	11019390	
8	14211154	

Number of ticks a thread has waited to enter TryGetWork method
	40	
1	202997	
2	1286586	
4	5469751	
6	8005894	
8	13376325	

Number of times a thread has completed a computational kernel
	40	
1	89732	
2	89732	
4	89732	
6	89732	
8	89732	

Number of times a thread has received work from a secondary producer (in pipelined mode)
	40	
1	0	
2	44	
4	263	
6	656	
8	1174	

Number of times threads have waited to long for a pulse / waited to long for a pulse when producer was completed
	40	
1	0,0	
2	0,0	
4	0,0	
6	0,0	
8	0,0	
