
Running time
	35	
1	00:01:16.1843631	
2	00:00:39.2146833	
4	00:00:20.6094200	
6	00:00:14.5455183	
8	00:00:11.5091864	

Running time in ticks
	35	
1	761843631	
2	392146833	
4	206094200	
6	145455183	
8	115091864	

Number of times a thread has waited for work
	35	
1	0	
2	156	
4	1356	
6	3003	
8	4545	

Number of ticks a thread has waited for work
	35	
1	0	
2	1030467	
4	4486487	
6	8367509	
8	10965373	

Number of ticks a thread has waited to enter TryGetWork method
	35	
1	313959	
2	1543416	
4	4914688	
6	12141742	
8	19255263	

Number of times a thread has completed a computational kernel
	35	
1	134728	
2	134728	
4	134728	
6	134728	
8	134728	

Number of times a thread has received work from a secondary producer (in pipelined mode)
	35	
1	0	
2	42	
4	309	
6	680	
8	1166	

Number of times threads have waited to long for a pulse / waited to long for a pulse when producer was completed
	35	
1	0,0	
2	0,0	
4	0,0	
6	0,0	
8	0,0	
