
Running time
	50	
1	00:01:17.0799307	
2	00:00:38.9594104	
4	00:00:20.0607230	
6	00:00:13.7969934	
8	00:00:10.7052208	

Running time in ticks
	50	
1	770799307	
2	389594104	
4	200607230	
6	137969934	
8	107052208	

Number of times a thread has waited for work
	50	
1	0	
2	104	
4	830	
6	2405	
8	4026	

Number of ticks a thread has waited for work
	50	
1	0	
2	1964676	
4	10561917	
6	21928669	
8	29766588	

Number of ticks a thread has waited to enter TryGetWork method
	50	
1	95597	
2	657240	
4	3575808	
6	4456513	
8	8865920	

Number of times a thread has completed a computational kernel
	50	
1	42938	
2	42938	
4	42938	
6	42938	
8	42938	

Number of times a thread has received work from a secondary producer (in pipelined mode)
	50	
1	0	
2	48	
4	288	
6	554	
8	1220	

Number of times threads have waited to long for a pulse / waited to long for a pulse when producer was completed
	50	
1	0,0	
2	0,0	
4	0,0	
6	0,0	
8	0,0	
