
Running time
	80	
1	00:01:29.9901172	
2	00:00:45.3952414	
4	00:00:23.1514350	
6	00:00:16.0863625	
8	00:00:12.4233122	

Running time in ticks
	80	
1	899901172	
2	453952414	
4	231514350	
6	160863625	
8	124233122	

Number of times a thread has waited for work
	80	
1	0	
2	103	
4	669	
6	2000	
8	3687	

Number of ticks a thread has waited for work
	80	
1	0	
2	4884078	
4	16035472	
6	43853107	
8	63598934	

Number of ticks a thread has waited to enter TryGetWork method
	80	
1	43154	
2	458124	
4	2787016	
6	5803514	
8	5988548	

Number of times a thread has completed a computational kernel
	80	
1	16088	
2	16088	
4	16088	
6	16088	
8	16088	

Number of times a thread has received work from a secondary producer (in pipelined mode)
	80	
1	0	
2	41	
4	265	
6	608	
8	1164	

Number of times threads have waited to long for a pulse / waited to long for a pulse when producer was completed
	80	
1	0,0	
2	0,0	
4	0,0	
6	0,0	
8	0,0	
