
Running time
	30	
1	00:01:15.6299627	
2	00:00:39.3602305	
4	00:00:20.8787481	
6	00:00:14.8559750	
8	00:00:12.1126814	

Running time in ticks
	30	
1	756299627	
2	393602305	
4	208787481	
6	148559750	
8	121126814	

Number of times a thread has waited for work
	30	
1	0	
2	138	
4	1175	
6	2668	
8	4546	

Number of ticks a thread has waited for work
	30	
1	0	
2	832239	
4	3333566	
6	6135959	
8	9145511	

Number of ticks a thread has waited to enter TryGetWork method
	30	
1	437554	
2	1626380	
4	5138446	
6	9155535	
8	19545518	

Number of times a thread has completed a computational kernel
	30	
1	192668	
2	192668	
4	192668	
6	192668	
8	192668	

Number of times a thread has received work from a secondary producer (in pipelined mode)
	30	
1	0	
2	52	
4	215	
6	581	
8	1089	

Number of times threads have waited to long for a pulse / waited to long for a pulse when producer was completed
	30	
1	0,0	
2	0,0	
4	0,0	
6	0,0	
8	0,0	
