
Running time
	25	
1	00:01:17.4983980	
2	00:00:41.1170993	
4	00:00:22.7025141	
6	00:00:16.8365667	
8	00:00:14.0214784	

Running time in ticks
	25	
1	774983980	
2	411170993	
4	227025141	
6	168365667	
8	140214784	

Number of times a thread has waited for work
	25	
1	0	
2	110	
4	804	
6	2390	
8	3908	

Number of ticks a thread has waited for work
	25	
1	0	
2	750835	
4	3250459	
6	4702721	
8	6938702	

Number of ticks a thread has waited to enter TryGetWork method
	25	
1	618348	
2	2280712	
4	8793763	
6	17030151	
8	21089397	

Number of times a thread has completed a computational kernel
	25	
1	307418	
2	307418	
4	307418	
6	307418	
8	307418	

Number of times a thread has received work from a secondary producer (in pipelined mode)
	25	
1	0	
2	63	
4	294	
6	582	
8	1175	

Number of times threads have waited to long for a pulse / waited to long for a pulse when producer was completed
	25	
1	0,0	
2	0,0	
4	0,0	
6	0,0	
8	0,0	
