
Running time
	70	
1	00:04:20.7550786	
2	00:02:11.3573027	
4	00:01:06.8496846	
6	00:00:45.5852569	
8	00:00:34.8616626	

Running time in ticks
	70	
1	2607550786	
2	1313573027	
4	668496846	
6	455852569	
8	348616626	

Number of times a thread has waited for work
	70	
1	0	
2	144	
4	935	
6	2640	
8	4696	

Number of ticks a thread has waited for work
	70	
1	0	
2	4203045	
4	25587755	
6	53029085	
8	71257666	

Number of ticks a thread has waited to enter TryGetWork method
	70	
1	132985	
2	1475015	
4	6362598	
6	8352171	
8	14399287	

Number of times a thread has completed a computational kernel
	70	
1	56048	
2	56048	
4	56048	
6	56048	
8	56048	

Number of times a thread has received work from a secondary producer (in pipelined mode)
	70	
1	0	
2	39	
4	224	
6	571	
8	1125	

Number of times threads have waited to long for a pulse / waited to long for a pulse when producer was completed
	70	
1	0,0	
2	0,0	
4	0,0	
6	0,0	
8	0,0	
