
Running time
	60	
1	00:04:06.8694893	
2	00:02:04.4244696	
4	00:01:03.4135446	
6	00:00:43.2470680	
8	00:00:33.1426690	

Running time in ticks
	60	
1	2468694893	
2	1244244696	
4	634135446	
6	432470680	
8	331426690	

Number of times a thread has waited for work
	60	
1	0	
2	130	
4	1142	
6	2871	
8	5148	

Number of ticks a thread has waited for work
	60	
1	0	
2	3538088	
4	18405319	
6	32250161	
8	47685782	

Number of ticks a thread has waited to enter TryGetWork method
	60	
1	198969	
2	1784954	
4	5978627	
6	15245762	
8	25938072	

Number of times a thread has completed a computational kernel
	60	
1	89732	
2	89732	
4	89732	
6	89732	
8	89732	

Number of times a thread has received work from a secondary producer (in pipelined mode)
	60	
1	0	
2	40	
4	264	
6	687	
8	1148	

Number of times threads have waited to long for a pulse / waited to long for a pulse when producer was completed
	60	
1	0,0	
2	0,0	
4	0,0	
6	0,0	
8	0,0	
