
Running time
	30	
1	00:04:01.8814787	
2	00:02:05.1920421	
4	00:01:06.7119907	
6	00:00:47.4234870	
8	00:00:37.8322969	

Number of times a thread has waited for work
	30	
1	0	
2	110	
4	803	
6	2810	
8	5413	

Number of times a thread has completed a computational kernel
	30	
1	586508	
2	586508	
4	586508	
6	586508	
8	586508	

Number of times a thread has received work from a secondary producer (in pipelined mode)
	30	
1	0	
2	64	
4	308	
6	585	
8	1190	

Number of times threads have waited to long for a pulse / waited to long for a pulse when producer was completed
	30	
1	0,0	
2	0,0	
4	0,0	
6	0,0	
8	0,0	
