
Running time
	50	
1	00:04:01.1572220	
2	00:02:02.2061038	
4	00:01:02.5206171	
6	00:00:42.8384003	
8	00:00:33.1095574	

Number of times a thread has waited for work
	50	
1	0	
2	117	
4	923	
6	2732	
8	4913	

Number of times a thread has completed a computational kernel
	50	
1	134728	
2	134728	
4	134728	
6	134728	
8	134728	

Number of times a thread has received work from a secondary producer (in pipelined mode)
	50	
1	0	
2	48	
4	345	
6	626	
8	1294	

Number of times threads have waited to long for a pulse / waited to long for a pulse when producer was completed
	50	
1	0,0	
2	0,0	
4	0,0	
6	0,0	
8	0,0	
