
Running time
	10	
1	00:06:57.7026695	
2	00:05:13.1725299	
4	00:04:25.7984447	
6	00:04:13.9244393	
8	00:04:26.6315937	

Number of times a thread has waited for work
	10	
1	0	
2	87	
4	338	
6	654	
8	939	

Number of times a thread has completed a computational kernel
	10	
1	14839408	
2	14839408	
4	14839408	
6	14839408	
8	14839408	

Number of times a thread has received work from a secondary producer (in pipelined mode)
	10	
1	0	
2	72	
4	262	
6	1223	
8	808	

Number of times threads have waited to long for a pulse / waited to long for a pulse when producer was completed
	10	
1	0,0	
2	0,0	
4	0,0	
6	0,0	
8	0,0	
