
Running time
	20	
1	00:04:25.8682066	
2	00:02:28.1530129	
4	00:01:28.4656581	
6	00:01:08.6927019	
8	00:00:59.6464263	

Number of times a thread has waited for work
	20	
1	0	
2	119	
4	932	
6	2091	
8	2713	

Number of times a thread has completed a computational kernel
	20	
1	1993082	
2	1993082	
4	1993082	
6	1993082	
8	1993082	

Number of times a thread has received work from a secondary producer (in pipelined mode)
	20	
1	0	
2	64	
4	324	
6	607	
8	1578	

Number of times threads have waited to long for a pulse / waited to long for a pulse when producer was completed
	20	
1	0,0	
2	0,0	
4	0,0	
6	0,0	
8	0,0	
