
Running time
	35	
1	00:04:01.1336081	
2	00:02:04.2286018	
4	00:01:05.1600094	
6	00:00:45.6270021	
8	00:00:36.0733936	

Number of times a thread has waited for work
	35	
1	0	
2	138	
4	1609	
6	4190	
8	6556	

Number of times a thread has completed a computational kernel
	35	
1	404858	
2	404858	
4	404858	
6	404858	
8	404858	

Number of times a thread has received work from a secondary producer (in pipelined mode)
	35	
1	0	
2	55	
4	298	
6	659	
8	1070	

Number of times threads have waited to long for a pulse / waited to long for a pulse when producer was completed
	35	
1	0,0	
2	0,0	
4	0,0	
6	0,0	
8	0,0	
