
Running time
	25	
1	00:04:10.4809742	
2	00:02:13.2818288	
4	00:01:14.0244388	
6	00:00:54.7591166	
8	00:00:45.1725453	

Number of times a thread has waited for work
	25	
1	0	
2	104	
4	809	
6	2305	
8	4259	

Number of times a thread has completed a computational kernel
	25	
1	997498	
2	997498	
4	997498	
6	997498	
8	997498	

Number of times a thread has received work from a secondary producer (in pipelined mode)
	25	
1	0	
2	75	
4	305	
6	567	
8	2316	

Number of times threads have waited to long for a pulse / waited to long for a pulse when producer was completed
	25	
1	0,0	
2	0,0	
4	0,0	
6	0,0	
8	0,0	
