
Running time
	40	
1	00:04:00.1135096	
2	00:02:03.5686876	
4	00:01:03.9293883	
6	00:00:44.3903107	
8	00:00:34.7630716	

Number of times a thread has waited for work
	40	
1	0	
2	137	
4	1068	
6	3217	
8	6008	

Number of times a thread has completed a computational kernel
	40	
1	265184	
2	265184	
4	265184	
6	265184	
8	265184	

Number of times a thread has received work from a secondary producer (in pipelined mode)
	40	
1	0	
2	63	
4	269	
6	612	
8	1116	

Number of times threads have waited to long for a pulse / waited to long for a pulse when producer was completed
	40	
1	0,0	
2	0,0	
4	0,0	
6	0,0	
8	0,0	
