
Running time
	20	
1	00:01:07.6849675	
2	00:00:38.8409160	
4	00:00:24.2258512	
6	00:00:19.7837179	
8	00:00:18.2862354	

Number of times a thread has waited for work
	20	
1	0	
2	2461	
4	12934	
6	21403	
8	25705	

Number of times a thread has completed a computational kernel
	20	
1	543984	
2	543984	
4	543984	
6	543984	
8	543984	

Number of times a thread has received work from a secondary producer (in pipelined mode)
	20	
1	0	
2	1049	
4	5771	
6	12476	
8	22637	

Number of times threads have waited to long for a pulse / waited to long for a pulse when producer was completed
	20	
1	0,0	
2	0,0	
4	0,0	
6	0,0	
8	0,0	
