
Running time
	10	
1	00:01:32.7485370	
2	00:01:13.4398313	
4	00:00:57.1170496	
6	00:00:54.5012870	
8	00:00:57.5650160	

Number of times a thread has waited for work
	10	
1	0	
2	1877	
4	6436	
6	8568	
8	10422	

Number of times a thread has completed a computational kernel
	10	
1	3502566	
2	3502566	
4	3502566	
6	3502566	
8	3502566	

Number of times a thread has received work from a secondary producer (in pipelined mode)
	10	
1	0	
2	1470	
4	5193	
6	9555	
8	13157	

Number of times threads have waited to long for a pulse / waited to long for a pulse when producer was completed
	10	
1	0,0	
2	0,0	
4	0,0	
6	0,0	
8	0,0	
