
Running time
	35	
1	00:01:09.6924598	
2	00:00:36.9175623	
4	00:00:20.2761991	
6	00:00:15.5775746	
8	00:00:14.2199255	

Number of times a thread has waited for work
	35	
1	0	
2	1533	
4	8684	
6	29067	
8	64410	

Number of times a thread has completed a computational kernel
	35	
1	137217	
2	137217	
4	137217	
6	137217	
8	137217	

Number of times a thread has received work from a secondary producer (in pipelined mode)
	35	
1	0	
2	902	
4	5408	
6	11382	
8	17272	

Number of times threads have waited to long for a pulse / waited to long for a pulse when producer was completed
	35	
1	0,0	
2	0,0	
4	0,0	
6	0,0	
8	0,0	
