
Running time
	80	
1	00:01:38.3080357	
2	00:00:51.1069520	
4	00:00:36.0571836	
6	00:00:33.7710947	
8	00:00:33.9364603	

Number of times a thread has waited for work
	80	
1	0	
2	1390	
4	21617	
6	51184	
8	80608	

Number of times a thread has completed a computational kernel
	80	
1	24944	
2	24944	
4	24944	
6	24944	
8	24944	

Number of times a thread has received work from a secondary producer (in pipelined mode)
	80	
1	0	
2	747	
4	2767	
6	3050	
8	3101	

Number of times threads have waited to long for a pulse / waited to long for a pulse when producer was completed
	80	
1	0,0	
2	0,0	
4	0,0	
6	0,0	
8	0,0	
