
Running time
	40	
1	00:01:11.4201189	
2	00:00:37.2334703	
4	00:00:20.4144846	
6	00:00:16.1150683	
8	00:00:15.1948349	

Number of times a thread has waited for work
	40	
1	0	
2	1380	
4	9540	
6	35532	
8	77364	

Number of times a thread has completed a computational kernel
	40	
1	96742	
2	96742	
4	96742	
6	96742	
8	96742	

Number of times a thread has received work from a secondary producer (in pipelined mode)
	40	
1	0	
2	911	
4	5047	
6	9891	
8	14146	

Number of times threads have waited to long for a pulse / waited to long for a pulse when producer was completed
	40	
1	0,0	
2	0,0	
4	0,0	
6	0,0	
8	0,0	
