
Running time
	30	
1	00:01:07.3361774	
2	00:00:36.0158743	
4	00:00:20.2040251	
6	00:00:15.6931956	
8	00:00:14.0961382	

Number of times a thread has waited for work
	30	
1	0	
2	1922	
4	9896	
6	25510	
8	49136	

Number of times a thread has completed a computational kernel
	30	
1	196180	
2	196180	
4	196180	
6	196180	
8	196180	

Number of times a thread has received work from a secondary producer (in pipelined mode)
	30	
1	0	
2	921	
4	5579	
6	12481	
8	21099	

Number of times threads have waited to long for a pulse / waited to long for a pulse when producer was completed
	30	
1	0,0	
2	0,0	
4	0,0	
6	0,0	
8	0,0	
