
Running time
	25	
1	00:01:07.1699802	
2	00:00:37.3377495	
4	00:00:21.5644225	
6	00:00:17.3661896	
8	00:00:15.5233563	

Number of times a thread has waited for work
	25	
1	0	
2	2184	
4	11367	
6	23030	
8	36579	

Number of times a thread has completed a computational kernel
	25	
1	303448	
2	303448	
4	303448	
6	303448	
8	303448	

Number of times a thread has received work from a secondary producer (in pipelined mode)
	25	
1	0	
2	962	
4	5338	
6	12626	
8	23719	

Number of times threads have waited to long for a pulse / waited to long for a pulse when producer was completed
	25	
1	0,0	
2	0,0	
4	0,0	
6	0,0	
8	0,0	
