
Running time
	50	
1	00:01:16.0297413	
2	00:00:39.3036761	
4	00:00:21.8480913	
6	00:00:18.5880951	
8	00:00:18.2242950	

Number of times a thread has waited for work
	50	
1	0	
2	1121	
4	11906	
6	48849	
8	85808	

Number of times a thread has completed a computational kernel
	50	
1	57702	
2	57702	
4	57702	
6	57702	
8	57702	

Number of times a thread has received work from a secondary producer (in pipelined mode)
	50	
1	0	
2	868	
4	4271	
6	7155	
8	7893	

Number of times threads have waited to long for a pulse / waited to long for a pulse when producer was completed
	50	
1	0,0	
2	0,0	
4	0,0	
6	0,0	
8	0,0	
