
Running time
	60	
1	00:01:20.7705982	
2	00:00:40.7950718	
4	00:00:20.8704191	
6	00:00:14.2866312	
8	00:00:11.1033490	

Running time in ticks
	60	
1	807705982	
2	407950718	
4	208704191	
6	142866312	
8	111033490	

Number of times a thread has waited for work
	60	
1	0	
2	148	
4	802	
6	1983	
8	3473	

Number of ticks a thread has waited for work
	60	
1	0	
2	3105145	
4	9893632	
6	18750779	
8	27301016	

Number of ticks a thread has waited to enter TryGetWork method
	60	
1	78826	
2	683825	
4	3326257	
6	6280948	
8	11707842	

Number of times a thread has completed a computational kernel
	60	
1	32044	
2	32044	
4	32044	
6	32044	
8	32044	

Number of times a thread has received work from a secondary producer (in pipelined mode)
	60	
1	0	
2	40	
4	277	
6	619	
8	1109	

Number of times threads have waited to long for a pulse / waited to long for a pulse when producer was completed
	60	
1	0,0	
2	0,0	
4	0,0	
6	0,0	
8	0,0	
