
Running time
	70	
1	00:01:27.7776639	
2	00:00:44.2469726	
4	00:00:22.5970668	
6	00:00:15.4929577	
8	00:00:12.2258875	

Running time in ticks
	70	
1	877776639	
2	442469726	
4	225970668	
6	154929577	
8	122258875	

Number of times a thread has waited for work
	70	
1	0	
2	131	
4	721	
6	1743	
8	4251	

Number of ticks a thread has waited for work
	70	
1	0	
2	4140158	
4	13839526	
6	27111083	
8	60013235	

Number of ticks a thread has waited to enter TryGetWork method
	70	
1	58071	
2	702140	
4	2851185	
6	6242645	
8	8985737	

Number of times a thread has completed a computational kernel
	70	
1	23162	
2	23162	
4	23162	
6	23162	
8	23162	

Number of times a thread has received work from a secondary producer (in pipelined mode)
	70	
1	0	
2	41	
4	277	
6	718	
8	1184	

Number of times threads have waited to long for a pulse / waited to long for a pulse when producer was completed
	70	
1	0,0	
2	0,0	
4	0,0	
6	0,0	
8	0,0	
