
Running time
	60	
1	00:04:06.8639663	
2	00:02:04.4345181	
4	00:01:03.3963437	
6	00:00:43.1869456	
8	00:00:33.0713941	

Number of times a thread has waited for work
	60	
1	0	
2	131	
4	1216	
6	2910	
8	4890	

Number of times a thread has completed a computational kernel
	60	
1	89732	
2	89732	
4	89732	
6	89732	
8	89732	

Number of times a thread has received work from a secondary producer (in pipelined mode)
	60	
1	0	
2	40	
4	265	
6	687	
8	1120	

Number of times threads have waited to long for a pulse / waited to long for a pulse when producer was completed
	60	
1	0,0	
2	0,0	
4	0,0	
6	0,0	
8	0,0	
