
Running time
	70	
1	00:04:20.7283574	
2	00:02:11.4178746	
4	00:01:06.8124836	
6	00:00:45.5241070	
8	00:00:34.8506300	

Number of times a thread has waited for work
	70	
1	0	
2	145	
4	917	
6	2548	
8	4710	

Number of times a thread has completed a computational kernel
	70	
1	56048	
2	56048	
4	56048	
6	56048	
8	56048	

Number of times a thread has received work from a secondary producer (in pipelined mode)
	70	
1	0	
2	37	
4	222	
6	583	
8	1083	

Number of times threads have waited to long for a pulse / waited to long for a pulse when producer was completed
	70	
1	0,0	
2	0,0	
4	0,0	
6	0,0	
8	0,0	
