
Running time
	50	
1	00:00:36.3793715	
2	00:00:18.8167688	
4	00:00:10.5665418	
6	00:00:08.9786426	
8	00:00:08.7460155	

Number of times a thread has waited for work
	50	
1	0	
2	517	
4	6130	
6	24879	
8	42544	

Number of times a thread has completed a computational kernel
	50	
1	28427	
2	28427	
4	28427	
6	28427	
8	28427	

Number of times a thread has received work from a secondary producer (in pipelined mode)
	50	
1	0	
2	444	
4	2181	
6	3534	
8	3938	

Number of times threads have waited to long for a pulse / waited to long for a pulse when producer was completed
	50	
1	0,0	
2	0,0	
4	0,0	
6	0,0	
8	0,0	
