
Running time
	80	
1	00:00:46.3530804	
2	00:00:24.0752731	
4	00:00:17.2552916	
6	00:00:16.3148052	
8	00:00:16.4021840	

Number of times a thread has waited for work
	80	
1	0	
2	724	
4	10708	
6	24921	
8	38770	

Number of times a thread has completed a computational kernel
	80	
1	11678	
2	11678	
4	11678	
6	11678	
8	11678	

Number of times a thread has received work from a secondary producer (in pipelined mode)
	80	
1	0	
2	372	
4	1253	
6	1379	
8	1424	

Number of times threads have waited to long for a pulse / waited to long for a pulse when producer was completed
	80	
1	0,0	
2	0,0	
4	0,0	
6	0,0	
8	0,0	
