
Running time
	40	
1	00:00:33.7926733	
2	00:00:17.6458747	
4	00:00:09.6102677	
6	00:00:07.6173185	
8	00:00:07.2491151	

Number of times a thread has waited for work
	40	
1	0	
2	678	
4	4861	
6	18084	
8	38141	

Number of times a thread has completed a computational kernel
	40	
1	45475	
2	45475	
4	45475	
6	45475	
8	45475	

Number of times a thread has received work from a secondary producer (in pipelined mode)
	40	
1	0	
2	451	
4	2498	
6	4850	
8	6630	

Number of times threads have waited to long for a pulse / waited to long for a pulse when producer was completed
	40	
1	0,0	
2	0,0	
4	0,0	
6	0,0	
8	0,0	
