
Running time
	10	
1	00:00:43.1333191	
2	00:00:31.9723857	
4	00:00:26.4703649	
6	00:00:25.4305825	
8	00:00:26.7531792	

Number of times a thread has waited for work
	10	
1	0	
2	963	
4	3173	
6	4289	
8	5203	

Number of times a thread has completed a computational kernel
	10	
1	1651403	
2	1651403	
4	1651403	
6	1651403	
8	1651403	

Number of times a thread has received work from a secondary producer (in pipelined mode)
	10	
1	0	
2	707	
4	2619	
6	4868	
8	7900	

Number of times threads have waited to long for a pulse / waited to long for a pulse when producer was completed
	10	
1	0,0	
2	0,0	
4	0,0	
6	0,0	
8	0,0	
