
Running time
	20	
1	00:00:31.8344370	
2	00:00:18.3749386	
4	00:00:11.0959865	
6	00:00:09.1290876	
8	00:00:08.4241514	

Number of times a thread has waited for work
	20	
1	0	
2	1184	
4	6004	
6	10560	
8	13112	

Number of times a thread has completed a computational kernel
	20	
1	252168	
2	252168	
4	252168	
6	252168	
8	252168	

Number of times a thread has received work from a secondary producer (in pipelined mode)
	20	
1	0	
2	524	
4	2944	
6	6100	
8	11280	

Number of times threads have waited to long for a pulse / waited to long for a pulse when producer was completed
	20	
1	0,0	
2	0,0	
4	0,0	
6	0,0	
8	0,0	
