
Running time
	30	
1	00:00:31.8712510	
2	00:00:16.9872077	
4	00:00:09.5519965	
6	00:00:07.4190725	
8	00:00:06.6400544	

Number of times a thread has waited for work
	30	
1	0	
2	932	
4	4745	
6	12653	
8	25053	

Number of times a thread has completed a computational kernel
	30	
1	92237	
2	92237	
4	92237	
6	92237	
8	92237	

Number of times a thread has received work from a secondary producer (in pipelined mode)
	30	
1	0	
2	481	
4	2693	
6	6107	
8	10163	

Number of times threads have waited to long for a pulse / waited to long for a pulse when producer was completed
	30	
1	0,0	
2	0,0	
4	0,0	
6	0,0	
8	0,0	
