
Running time
	35	
1	00:00:33.0081367	
2	00:00:17.3975777	
4	00:00:09.5310312	
6	00:00:07.3866402	
8	00:00:06.8016417	

Number of times a thread has waited for work
	35	
1	0	
2	697	
4	4148	
6	15105	
8	32676	

Number of times a thread has completed a computational kernel
	35	
1	65228	
2	65228	
4	65228	
6	65228	
8	65228	

Number of times a thread has received work from a secondary producer (in pipelined mode)
	35	
1	0	
2	449	
4	2699	
6	5629	
8	8385	

Number of times threads have waited to long for a pulse / waited to long for a pulse when producer was completed
	35	
1	0,0	
2	0,0	
4	0,0	
6	0,0	
8	0,0	
