
Running time
	25	
1	00:00:31.7881245	
2	00:00:17.7292043	
4	00:00:10.1240571	
6	00:00:08.0722376	
8	00:00:07.2297003	

Number of times a thread has waited for work
	25	
1	0	
2	1052	
4	5601	
6	11193	
8	17830	

Number of times a thread has completed a computational kernel
	25	
1	145990	
2	145990	
4	145990	
6	145990	
8	145990	

Number of times a thread has received work from a secondary producer (in pipelined mode)
	25	
1	0	
2	491	
4	2697	
6	6374	
8	11803	

Number of times threads have waited to long for a pulse / waited to long for a pulse when producer was completed
	25	
1	0,0	
2	0,0	
4	0,0	
6	0,0	
8	0,0	
