
Running time
	70	
1	00:01:27.7629380	
2	00:00:44.2444930	
4	00:00:22.5887905	
6	00:00:15.5024083	
8	00:00:12.2972584	

Number of times a thread has waited for work
	70	
1	0	
2	132	
4	714	
6	1761	
8	4193	

Number of times a thread has completed a computational kernel
	70	
1	23162	
2	23162	
4	23162	
6	23162	
8	23162	

Number of times a thread has received work from a secondary producer (in pipelined mode)
	70	
1	0	
2	41	
4	275	
6	738	
8	1216	

Number of times threads have waited to long for a pulse / waited to long for a pulse when producer was completed
	70	
1	0,0	
2	0,0	
4	0,0	
6	0,0	
8	0,0	
