
Running time
	60	
1	00:01:20.8014996	
2	00:00:40.7963131	
4	00:00:20.8477718	
6	00:00:14.2873235	
8	00:00:11.0746671	

Number of times a thread has waited for work
	60	
1	0	
2	145	
4	761	
6	1983	
8	3502	

Number of times a thread has completed a computational kernel
	60	
1	32044	
2	32044	
4	32044	
6	32044	
8	32044	

Number of times a thread has received work from a secondary producer (in pipelined mode)
	60	
1	0	
2	40	
4	274	
6	621	
8	1092	

Number of times threads have waited to long for a pulse / waited to long for a pulse when producer was completed
	60	
1	0,0	
2	0,0	
4	0,0	
6	0,0	
8	0,0	
