
Running time
	80	
1	00:04:28.4794198	
2	00:02:15.0328604	
4	00:01:08.4122630	
6	00:00:46.5164367	
8	00:00:35.6301524	

Number of times a thread has waited for work
	80	
1	0	
2	135	
4	923	
6	2401	
8	4428	

Number of times a thread has completed a computational kernel
	80	
1	42938	
2	42938	
4	42938	
6	42938	
8	42938	

Number of times a thread has received work from a secondary producer (in pipelined mode)
	80	
1	0	
2	41	
4	264	
6	618	
8	1057	

Number of times threads have waited to long for a pulse / waited to long for a pulse when producer was completed
	80	
1	0,0	
2	0,0	
4	0,0	
6	0,0	
8	0,0	
