
Running time
	110	
1	00:04:44.6372669	
2	00:02:23.3708688	
4	00:01:13.6637365	
6	00:00:50.2412782	
8	00:00:39.0851237	

Number of times a thread has waited for work
	110	
1	0	
2	124	
4	846	
6	2004	
8	4239	

Number of times a thread has completed a computational kernel
	110	
1	16088	
2	16088	
4	16088	
6	16088	
8	16088	

Number of times a thread has received work from a secondary producer (in pipelined mode)
	110	
1	0	
2	36	
4	219	
6	557	
8	1045	

Number of times threads have waited to long for a pulse / waited to long for a pulse when producer was completed
	110	
1	0,0	
2	0,0	
4	0,0	
6	0,0	
8	0,0	
