
Running time
	130	
1	00:04:56.8021866	
2	00:02:29.8441828	
4	00:01:16.4979426	
6	00:00:52.9390021	
8	00:00:40.1907978	

Number of times a thread has waited for work
	130	
1	0	
2	141	
4	691	
6	1981	
8	3286	

Number of times a thread has completed a computational kernel
	130	
1	10618	
2	10618	
4	10618	
6	10618	
8	10618	

Number of times a thread has received work from a secondary producer (in pipelined mode)
	130	
1	0	
2	34	
4	206	
6	543	
8	978	

Number of times threads have waited to long for a pulse / waited to long for a pulse when producer was completed
	130	
1	0,0	
2	0,0	
4	0,0	
6	0,0	
8	0,0	
