
Running time
	90	
1	00:04:36.5419658	
2	00:02:19.2708427	
4	00:01:10.6539103	
6	00:00:47.9309702	
8	00:00:36.9038407	

Number of times a thread has waited for work
	90	
1	0	
2	173	
4	900	
6	2176	
8	4000	

Number of times a thread has completed a computational kernel
	90	
1	32044	
2	32044	
4	32044	
6	32044	
8	32044	

Number of times a thread has received work from a secondary producer (in pipelined mode)
	90	
1	0	
2	40	
4	276	
6	612	
8	1070	

Number of times threads have waited to long for a pulse / waited to long for a pulse when producer was completed
	90	
1	0,0	
2	0,0	
4	0,0	
6	0,0	
8	0,0	
