
Running time
	100	
1	00:04:40.0839047	
2	00:02:20.9942611	
4	00:01:11.4992267	
6	00:00:48.4918129	
8	00:00:37.6762003	

Number of times a thread has waited for work
	100	
1	0	
2	135	
4	762	
6	1944	
8	4399	

Number of times a thread has completed a computational kernel
	100	
1	23162	
2	23162	
4	23162	
6	23162	
8	23162	

Number of times a thread has received work from a secondary producer (in pipelined mode)
	100	
1	0	
2	37	
4	266	
6	597	
8	1067	

Number of times threads have waited to long for a pulse / waited to long for a pulse when producer was completed
	100	
1	0,0	
2	0,0	
4	0,0	
6	0,0	
8	0,0	
