
Running time
	150	
1	00:05:08.4320836	
2	00:02:36.3018147	
4	00:01:21.2945869	
6	00:00:55.8324208	
8	00:00:46.3536706	

Number of times a thread has waited for work
	150	
1	0	
2	121	
4	683	
6	1505	
8	4920	

Number of times a thread has completed a computational kernel
	150	
1	6548	
2	6548	
4	6548	
6	6548	
8	6548	

Number of times a thread has received work from a secondary producer (in pipelined mode)
	150	
1	0	
2	28	
4	263	
6	583	
8	983	

Number of times threads have waited to long for a pulse / waited to long for a pulse when producer was completed
	150	
1	0,0	
2	0,0	
4	0,0	
6	0,0	
8	0,0	
