
Running time
	120	
1	00:04:56.3952403	
2	00:02:29.2628196	
4	00:01:15.7828990	
6	00:00:52.3824934	
8	00:00:40.4612412	

Number of times a thread has waited for work
	120	
1	0	
2	125	
4	682	
6	2085	
8	3883	

Number of times a thread has completed a computational kernel
	120	
1	16088	
2	16088	
4	16088	
6	16088	
8	16088	

Number of times a thread has received work from a secondary producer (in pipelined mode)
	120	
1	0	
2	30	
4	259	
6	613	
8	1138	

Number of times threads have waited to long for a pulse / waited to long for a pulse when producer was completed
	120	
1	0,0	
2	0,0	
4	0,0	
6	0,0	
8	0,0	
