
Running time
	110	
1	00:01:36.9413378	
2	00:00:48.8586233	
4	00:00:25.4312096	
6	00:00:16.9966367	
8	00:00:14.3816599	

Running time in ticks
	110	
1	969413378	
2	488586233	
4	254312096	
6	169966367	
8	143816599	

Number of times a thread has waited for work
	110	
1	0	
2	93	
4	623	
6	1094	
8	4927	

Number of ticks a thread has waited for work
	110	
1	0	
2	7056517	
4	42745323	
6	38714352	
8	156271495	

Number of ticks a thread has waited to enter TryGetWork method
	110	
1	21877	
2	545722	
4	1955983	
6	3733645	
8	7808575	

Number of times a thread has completed a computational kernel
	110	
1	6548	
2	6548	
4	6548	
6	6548	
8	6548	

Number of times a thread has received work from a secondary producer (in pipelined mode)
	110	
1	0	
2	30	
4	252	
6	520	
8	962	

Number of times threads have waited to long for a pulse / waited to long for a pulse when producer was completed
	110	
1	0,0	
2	0,0	
4	0,0	
6	0,0	
8	0,0	
