
Running time
	120	
1	00:01:44.3459391	
2	00:00:52.4119070	
4	00:00:26.7833567	
6	00:00:18.5659687	
8	00:00:16.0603566	

Running time in ticks
	120	
1	1043459391	
2	524119070	
4	267833567	
6	185659687	
8	160603566	

Number of times a thread has waited for work
	120	
1	0	
2	100	
4	481	
6	1536	
8	5621	

Number of ticks a thread has waited for work
	120	
1	0	
2	4485965	
4	24839609	
6	61363054	
8	215639110	

Number of ticks a thread has waited to enter TryGetWork method
	120	
1	20836	
2	482047	
4	1870339	
6	2465155	
8	8544852	

Number of times a thread has completed a computational kernel
	120	
1	6548	
2	6548	
4	6548	
6	6548	
8	6548	

Number of times a thread has received work from a secondary producer (in pipelined mode)
	120	
1	0	
2	29	
4	256	
6	592	
8	1077	

Number of times threads have waited to long for a pulse / waited to long for a pulse when producer was completed
	120	
1	0,0	
2	0,0	
4	0,0	
6	0,0	
8	0,0	
