
Running time
	130	
1	00:01:40.6704013	
2	00:00:51.1318884	
4	00:00:26.2113048	
6	00:00:19.2712047	
8	00:00:18.1450096	

Running time in ticks
	130	
1	1006704013	
2	511318884	
4	262113048	
6	192712047	
8	181450096	

Number of times a thread has waited for work
	130	
1	0	
2	100	
4	431	
6	2188	
8	5902	

Number of ticks a thread has waited for work
	130	
1	0	
2	15813899	
4	37675036	
6	138971949	
8	397027200	

Number of ticks a thread has waited to enter TryGetWork method
	130	
1	14356	
2	405938	
4	2379166	
6	3282862	
8	15965510	

Number of times a thread has completed a computational kernel
	130	
1	3674	
2	3674	
4	3674	
6	3674	
8	3674	

Number of times a thread has received work from a secondary producer (in pipelined mode)
	130	
1	0	
2	30	
4	251	
6	515	
8	519	

Number of times threads have waited to long for a pulse / waited to long for a pulse when producer was completed
	130	
1	0,0	
2	0,0	
4	0,0	
6	0,0	
8	0,0	
