
Running time
	90	
1	00:01:31.2984226	
2	00:00:46.0898644	
4	00:00:23.4585174	
6	00:00:16.3428599	
8	00:00:12.4229270	

Running time in ticks
	90	
1	912984226	
2	460898644	
4	234585174	
6	163428599	
8	124229270	

Number of times a thread has waited for work
	90	
1	0	
2	126	
4	570	
6	1696	
8	2977	

Number of ticks a thread has waited for work
	90	
1	0	
2	7681682	
4	19808246	
6	53372050	
8	55328981	

Number of ticks a thread has waited to enter TryGetWork method
	90	
1	30228	
2	544796	
4	2038886	
6	4160227	
8	6038370	

Number of times a thread has completed a computational kernel
	90	
1	10618	
2	10618	
4	10618	
6	10618	
8	10618	

Number of times a thread has received work from a secondary producer (in pipelined mode)
	90	
1	0	
2	37	
4	250	
6	564	
8	890	

Number of times threads have waited to long for a pulse / waited to long for a pulse when producer was completed
	90	
1	0,0	
2	0,0	
4	0,0	
6	0,0	
8	0,0	
