
Running time
	150	
1	00:01:52.5689521	
2	00:00:56.3877412	
4	00:00:28.8119660	
6	00:00:22.2571085	
8	00:00:22.2741126	

Running time in ticks
	150	
1	1125689521	
2	563877412	
4	288119660	
6	222571085	
8	222741126	

Number of times a thread has waited for work
	150	
1	0	
2	33	
4	307	
6	2599	
8	6998	

Number of ticks a thread has waited for work
	150	
1	0	
2	2092218	
4	23708961	
6	196086497	
8	592727077	

Number of ticks a thread has waited to enter TryGetWork method
	150	
1	14878	
2	498758	
4	1614676	
6	3848212	
8	28953473	

Number of times a thread has completed a computational kernel
	150	
1	3674	
2	3674	
4	3674	
6	3674	
8	3674	

Number of times a thread has received work from a secondary producer (in pipelined mode)
	150	
1	0	
2	32	
4	248	
6	520	
8	519	

Number of times threads have waited to long for a pulse / waited to long for a pulse when producer was completed
	150	
1	0,0	
2	0,0	
4	0,0	
6	0,0	
8	0,0	
