
Running time
	100	
1	00:01:32.5843658	
2	00:00:47.0345534	
4	00:00:24.4273914	
6	00:00:16.8785253	
8	00:00:13.8082395	

Running time in ticks
	100	
1	925843658	
2	470345534	
4	244273914	
6	168785253	
8	138082395	

Number of times a thread has waited for work
	100	
1	0	
2	122	
4	662	
6	1423	
8	4618	

Number of ticks a thread has waited for work
	100	
1	0	
2	12948831	
4	46548692	
6	75290026	
8	155461845	

Number of ticks a thread has waited to enter TryGetWork method
	100	
1	20989	
2	405478	
4	1871280	
6	3924958	
8	6803713	

Number of times a thread has completed a computational kernel
	100	
1	6548	
2	6548	
4	6548	
6	6548	
8	6548	

Number of times a thread has received work from a secondary producer (in pipelined mode)
	100	
1	0	
2	30	
4	269	
6	576	
8	994	

Number of times threads have waited to long for a pulse / waited to long for a pulse when producer was completed
	100	
1	0,0	
2	0,0	
4	0,0	
6	0,0	
8	0,0	
