
Running time
	80	
1	00:01:30.3487116	
2	00:00:46.1280148	
4	00:00:28.0899848	
6	00:00:25.0142664	
8	00:00:24.3525069	

Number of times a thread has waited for work
	80	
1	0	
2	545	
4	9780	
6	28221	
8	46373	

Number of times a thread has completed a computational kernel
	80	
1	18683	
2	18683	
4	18683	
6	18683	
8	18683	

Number of times a thread has received work from a secondary producer (in pipelined mode)
	80	
1	0	
2	416	
4	1790	
6	2381	
8	2645	

Number of times threads have waited to long for a pulse / waited to long for a pulse when producer was completed
	80	
1	0,0	
2	0,0	
4	0,0	
6	0,0	
8	0,0	
