
Running time
	35	
1	00:01:07.4036808	
2	00:00:35.2058946	
4	00:00:18.9323572	
6	00:00:13.9898311	
8	00:00:11.7276570	

Number of times a thread has waited for work
	35	
1	0	
2	1074	
4	5868	
6	13835	
8	26835	

Number of times a thread has completed a computational kernel
	35	
1	124708	
2	124708	
4	124708	
6	124708	
8	124708	

Number of times a thread has received work from a secondary producer (in pipelined mode)
	35	
1	0	
2	432	
4	2738	
6	6207	
8	11381	

Number of times threads have waited to long for a pulse / waited to long for a pulse when producer was completed
	35	
1	0,0	
2	0,0	
4	0,0	
6	0,0	
8	0,0	
