
Running time
	20	
1	00:01:07.5340708	
2	00:00:38.3849066	
4	00:00:22.9112276	
6	00:00:18.5045844	
8	00:00:16.8753405	

Number of times a thread has waited for work
	20	
1	0	
2	1358	
4	8174	
6	13554	
8	15534	

Number of times a thread has completed a computational kernel
	20	
1	531437	
2	531437	
4	531437	
6	531437	
8	531437	

Number of times a thread has received work from a secondary producer (in pipelined mode)
	20	
1	0	
2	535	
4	2953	
6	6328	
8	11377	

Number of times threads have waited to long for a pulse / waited to long for a pulse when producer was completed
	20	
1	0,0	
2	0,0	
4	0,0	
6	0,0	
8	0,0	
