
Running time
	30	
1	00:01:06.0602100	
2	00:00:35.0957761	
4	00:00:19.1315315	
6	00:00:14.2883897	
8	00:00:12.0586937	

Number of times a thread has waited for work
	30	
1	0	
2	1180	
4	6373	
6	14382	
8	23481	

Number of times a thread has completed a computational kernel
	30	
1	186817	
2	186817	
4	186817	
6	186817	
8	186817	

Number of times a thread has received work from a secondary producer (in pipelined mode)
	30	
1	0	
2	469	
4	2784	
6	6385	
8	11900	

Number of times threads have waited to long for a pulse / waited to long for a pulse when producer was completed
	30	
1	0,0	
2	0,0	
4	0,0	
6	0,0	
8	0,0	
