
Running time
	40	
1	00:01:09.1961575	
2	00:00:35.7565727	
4	00:00:19.1451349	
6	00:00:14.0231390	
8	00:00:11.7530404	

Number of times a thread has waited for work
	40	
1	0	
2	941	
4	5168	
6	13736	
8	31794	

Number of times a thread has completed a computational kernel
	40	
1	89590	
2	89590	
4	89590	
6	89590	
8	89590	

Number of times a thread has received work from a secondary producer (in pipelined mode)
	40	
1	0	
2	440	
4	2716	
6	6099	
8	10405	

Number of times threads have waited to long for a pulse / waited to long for a pulse when producer was completed
	40	
1	0,0	
2	0,0	
4	0,0	
6	0,0	
8	0,0	
