
Running time
	25	
1	00:01:06.3420103	
2	00:00:36.1933022	
4	00:00:20.3932676	
6	00:00:15.7849111	
8	00:00:13.6736205	

Number of times a thread has waited for work
	25	
1	0	
2	1348	
4	7435	
6	14569	
8	20370	

Number of times a thread has completed a computational kernel
	25	
1	296253	
2	296253	
4	296253	
6	296253	
8	296253	

Number of times a thread has received work from a secondary producer (in pipelined mode)
	25	
1	0	
2	478	
4	2829	
6	6471	
8	11796	

Number of times threads have waited to long for a pulse / waited to long for a pulse when producer was completed
	25	
1	0,0	
2	0,0	
4	0,0	
6	0,0	
8	0,0	
