
Running time
	10	
1	00:01:34.6073358	
2	00:01:10.3930024	
4	00:00:58.7378443	
6	00:00:55.5537461	
8	00:00:58.3294730	

Number of times a thread has waited for work
	10	
1	0	
2	951	
4	3174	
6	4960	
8	5920	

Number of times a thread has completed a computational kernel
	10	
1	3570840	
2	3570840	
4	3570840	
6	3570840	
8	3570840	

Number of times a thread has received work from a secondary producer (in pipelined mode)
	10	
1	0	
2	730	
4	2485	
6	4651	
8	6224	

Number of times threads have waited to long for a pulse / waited to long for a pulse when producer was completed
	10	
1	0,0	
2	0,0	
4	0,0	
6	0,0	
8	0,0	
