
Running time
	50	
1	00:01:13.3465285	
2	00:00:37.6698428	
4	00:00:19.8230997	
6	00:00:14.7112081	
8	00:00:13.3092164	

Number of times a thread has waited for work
	50	
1	0	
2	693	
4	4156	
6	17908	
8	45561	

Number of times a thread has completed a computational kernel
	50	
1	53670	
2	53670	
4	53670	
6	53670	
8	53670	

Number of times a thread has received work from a secondary producer (in pipelined mode)
	50	
1	0	
2	421	
4	2639	
6	5385	
8	8078	

Number of times threads have waited to long for a pulse / waited to long for a pulse when producer was completed
	50	
1	0,0	
2	0,0	
4	0,0	
6	0,0	
8	0,0	
