
Running time
	20	
1	00:04:27.2179186	
2	00:02:30.4649034	
4	00:01:28.9206660	
6	00:01:08.9927121	
8	00:00:59.8273105	

Running time in ticks
	20	
1	2672179186	
2	1504649034	
4	889206660	
6	689927121	
8	598273105	

Number of times a thread has waited for work
	20	
1	0	
2	122	
4	939	
6	2107	
8	2866	

Number of ticks a thread has waited for work
	20	
1	0	
2	258042	
4	2123062	
6	4230258	
8	5605261	

Number of ticks a thread has waited to enter TryGetWork method
	20	
1	4393868	
2	11826906	
4	24741508	
6	43622460	
8	74271539	

Number of times a thread has completed a computational kernel
	20	
1	1993082	
2	1993082	
4	1993082	
6	1993082	
8	1993082	

Number of times a thread has received work from a secondary producer (in pipelined mode)
	20	
1	0	
2	61	
4	257	
6	584	
8	1022	

Number of times threads have waited to long for a pulse / waited to long for a pulse when producer was completed
	20	
1	0,0	
2	0,0	
4	0,0	
6	0,0	
8	0,0	
