
Running time
	25	
1	00:04:10.7899501	
2	00:02:14.2029050	
4	00:01:14.0957472	
6	00:00:54.8175371	
8	00:00:45.2691953	

Running time in ticks
	25	
1	2507899501	
2	1342029050	
4	740957472	
6	548175371	
8	452691953	

Number of times a thread has waited for work
	25	
1	0	
2	103	
4	803	
6	2199	
8	4606	

Number of ticks a thread has waited for work
	25	
1	0	
2	972279	
4	3088697	
6	5587169	
8	23809612	

Number of ticks a thread has waited to enter TryGetWork method
	25	
1	2210942	
2	10980935	
4	15132527	
6	39786969	
8	38847565	

Number of times a thread has completed a computational kernel
	25	
1	997498	
2	997498	
4	997498	
6	997498	
8	997498	

Number of times a thread has received work from a secondary producer (in pipelined mode)
	25	
1	0	
2	73	
4	309	
6	563	
8	1191	

Number of times threads have waited to long for a pulse / waited to long for a pulse when producer was completed
	25	
1	0,0	
2	0,0	
4	0,0	
6	0,0	
8	0,0	
