
Running time
	35	
1	00:04:01.3984620	
2	00:02:04.1533437	
4	00:01:05.1873991	
6	00:00:45.6525275	
8	00:00:36.0915844	

Running time in ticks
	35	
1	2413984620	
2	1241533437	
4	651873991	
6	456525275	
8	360915844	

Number of times a thread has waited for work
	35	
1	0	
2	139	
4	1647	
6	3654	
8	6456	

Number of ticks a thread has waited for work
	35	
1	0	
2	1612817	
4	7742428	
6	12067828	
8	16597911	

Number of ticks a thread has waited to enter TryGetWork method
	35	
1	924416	
2	3138570	
4	12147474	
6	16134436	
8	27899860	

Number of times a thread has completed a computational kernel
	35	
1	404858	
2	404858	
4	404858	
6	404858	
8	404858	

Number of times a thread has received work from a secondary producer (in pipelined mode)
	35	
1	0	
2	53	
4	294	
6	651	
8	1079	

Number of times threads have waited to long for a pulse / waited to long for a pulse when producer was completed
	35	
1	0,0	
2	0,0	
4	0,0	
6	0,0	
8	0,0	
