
Running time
	50	
1	00:04:01.0345402	
2	00:02:02.1167443	
4	00:01:02.4931619	
6	00:00:42.7326275	
8	00:00:33.1237664	

Running time in ticks
	50	
1	2410345402	
2	1221167443	
4	624931619	
6	427326275	
8	331237664	

Number of times a thread has waited for work
	50	
1	0	
2	118	
4	923	
6	2765	
8	5338	

Number of ticks a thread has waited for work
	50	
1	0	
2	2025225	
4	13483165	
6	28989445	
8	49974589	

Number of ticks a thread has waited to enter TryGetWork method
	50	
1	318116	
2	1952690	
4	6979827	
6	12780984	
8	18871561	

Number of times a thread has completed a computational kernel
	50	
1	134728	
2	134728	
4	134728	
6	134728	
8	134728	

Number of times a thread has received work from a secondary producer (in pipelined mode)
	50	
1	0	
2	48	
4	346	
6	635	
8	1279	

Number of times threads have waited to long for a pulse / waited to long for a pulse when producer was completed
	50	
1	0,0	
2	0,0	
4	0,0	
6	0,0	
8	0,0	
