
Running time
	10	
1	00:07:04.2009118	
2	00:05:24.2125100	
4	00:04:25.9232460	
6	00:04:13.2725517	
8	00:04:24.1804649	

Running time in ticks
	10	
1	4242009118	
2	3242125100	
4	2659232460	
6	2532725517	
8	2641804649	

Number of times a thread has waited for work
	10	
1	0	
2	85	
4	334	
6	636	
8	869	

Number of ticks a thread has waited for work
	10	
1	0	
2	304101	
4	1124453	
6	2617478	
8	4278760	

Number of ticks a thread has waited to enter TryGetWork method
	10	
1	28996761	
2	109338797	
4	377234464	
6	799281171	
8	1663980312	

Number of times a thread has completed a computational kernel
	10	
1	14839408	
2	14839408	
4	14839408	
6	14839408	
8	14839408	

Number of times a thread has received work from a secondary producer (in pipelined mode)
	10	
1	0	
2	63	
4	247	
6	441	
8	660	

Number of times threads have waited to long for a pulse / waited to long for a pulse when producer was completed
	10	
1	0,0	
2	0,0	
4	0,0	
6	0,0	
8	0,0	
