
Running time
	30	
1	00:04:01.5063414	
2	00:02:05.2182068	
4	00:01:06.7883068	
6	00:00:47.2575114	
8	00:00:37.9629722	

Running time in ticks
	30	
1	2415063414	
2	1252182068	
4	667883068	
6	472575114	
8	379629722	

Number of times a thread has waited for work
	30	
1	0	
2	111	
4	812	
6	2699	
8	5514	

Number of ticks a thread has waited for work
	30	
1	0	
2	1422697	
4	3682706	
6	8157334	
8	20341704	

Number of ticks a thread has waited to enter TryGetWork method
	30	
1	1160685	
2	3295801	
4	13271935	
6	17560152	
8	33912749	

Number of times a thread has completed a computational kernel
	30	
1	586508	
2	586508	
4	586508	
6	586508	
8	586508	

Number of times a thread has received work from a secondary producer (in pipelined mode)
	30	
1	0	
2	64	
4	309	
6	601	
8	1238	

Number of times threads have waited to long for a pulse / waited to long for a pulse when producer was completed
	30	
1	0,0	
2	0,0	
4	0,0	
6	0,0	
8	0,0	
