
Running time
	40	
1	00:04:00.0898821	
2	00:02:03.9232104	
4	00:01:04.0725279	
6	00:00:44.4782442	
8	00:00:34.8980748	

Running time in ticks
	40	
1	2400898821	
2	1239232104	
4	640725279	
6	444782442	
8	348980748	

Number of times a thread has waited for work
	40	
1	0	
2	135	
4	1060	
6	3255	
8	6503	

Number of ticks a thread has waited for work
	40	
1	0	
2	1997475	
4	7039673	
6	15573508	
8	26540923	

Number of ticks a thread has waited to enter TryGetWork method
	40	
1	554032	
2	3419888	
4	8561003	
6	15436618	
8	23509329	

Number of times a thread has completed a computational kernel
	40	
1	265184	
2	265184	
4	265184	
6	265184	
8	265184	

Number of times a thread has received work from a secondary producer (in pipelined mode)
	40	
1	0	
2	63	
4	271	
6	591	
8	1155	

Number of times threads have waited to long for a pulse / waited to long for a pulse when producer was completed
	40	
1	0,0	
2	0,0	
4	0,0	
6	0,0	
8	0,0	
