
Running time
	150	
1	00:01:52.5652056	
2	00:00:56.4520189	
4	00:00:28.8048663	
6	00:00:22.3418820	
8	00:00:22.3059403	

Number of times a thread has waited for work
	150	
1	0	
2	46	
4	312	
6	2707	
8	6922	

Number of times a thread has completed a computational kernel
	150	
1	3674	
2	3674	
4	3674	
6	3674	
8	3674	

Number of times a thread has received work from a secondary producer (in pipelined mode)
	150	
1	0	
2	28	
4	247	
6	520	
8	487	

Number of times threads have waited to long for a pulse / waited to long for a pulse when producer was completed
	150	
1	0,0	
2	0,0	
4	0,0	
6	0,0	
8	0,0	
