
Running time
	110	
1	00:01:36.9440308	
2	00:00:48.8527724	
4	00:00:25.4261491	
6	00:00:16.9516854	
8	00:00:14.3347724	

Number of times a thread has waited for work
	110	
1	0	
2	90	
4	613	
6	1086	
8	4894	

Number of times a thread has completed a computational kernel
	110	
1	6548	
2	6548	
4	6548	
6	6548	
8	6548	

Number of times a thread has received work from a secondary producer (in pipelined mode)
	110	
1	0	
2	33	
4	255	
6	533	
8	983	

Number of times threads have waited to long for a pulse / waited to long for a pulse when producer was completed
	110	
1	0,0	
2	0,0	
4	0,0	
6	0,0	
8	0,0	
