
Running time
	130	
1	00:01:40.6861318	
2	00:00:51.1321368	
4	00:00:26.1657805	
6	00:00:19.4515622	
8	00:00:17.9554186	

Number of times a thread has waited for work
	130	
1	0	
2	100	
4	426	
6	2156	
8	6012	

Number of times a thread has completed a computational kernel
	130	
1	3674	
2	3674	
4	3674	
6	3674	
8	3674	

Number of times a thread has received work from a secondary producer (in pipelined mode)
	130	
1	0	
2	30	
4	252	
6	517	
8	518	

Number of times threads have waited to long for a pulse / waited to long for a pulse when producer was completed
	130	
1	0,0	
2	0,0	
4	0,0	
6	0,0	
8	0,0	
