
Running time
	90	
1	00:01:31.1340659	
2	00:00:46.1130821	
4	00:00:23.4327785	
6	00:00:16.3556557	
8	00:00:12.3286383	

Number of times a thread has waited for work
	90	
1	0	
2	124	
4	553	
6	1688	
8	3005	

Number of times a thread has completed a computational kernel
	90	
1	10618	
2	10618	
4	10618	
6	10618	
8	10618	

Number of times a thread has received work from a secondary producer (in pipelined mode)
	90	
1	0	
2	40	
4	238	
6	564	
8	859	

Number of times threads have waited to long for a pulse / waited to long for a pulse when producer was completed
	90	
1	0,0	
2	0,0	
4	0,0	
6	0,0	
8	0,0	
