
Running time
	100	
1	00:01:32.5832326	
2	00:00:46.9372968	
4	00:00:24.4325870	
6	00:00:16.8930767	
8	00:00:13.9208107	

Number of times a thread has waited for work
	100	
1	0	
2	118	
4	662	
6	1469	
8	4659	

Number of times a thread has completed a computational kernel
	100	
1	6548	
2	6548	
4	6548	
6	6548	
8	6548	

Number of times a thread has received work from a secondary producer (in pipelined mode)
	100	
1	0	
2	31	
4	266	
6	587	
8	992	

Number of times threads have waited to long for a pulse / waited to long for a pulse when producer was completed
	100	
1	0,0	
2	0,0	
4	0,0	
6	0,0	
8	0,0	
