
Running time
	120	
1	00:01:44.3182575	
2	00:00:52.4125205	
4	00:00:26.7635469	
6	00:00:18.5777701	
8	00:00:15.9782069	

Number of times a thread has waited for work
	120	
1	0	
2	101	
4	479	
6	1529	
8	5630	

Number of times a thread has completed a computational kernel
	120	
1	6548	
2	6548	
4	6548	
6	6548	
8	6548	

Number of times a thread has received work from a secondary producer (in pipelined mode)
	120	
1	0	
2	29	
4	259	
6	587	
8	1170	

Number of times threads have waited to long for a pulse / waited to long for a pulse when producer was completed
	120	
1	0,0	
2	0,0	
4	0,0	
6	0,0	
8	0,0	
