
Running time
	50	
1	00:09:08.6515959	
2	00:04:38.0387173	
4	00:02:22.1533325	
6	00:01:37.4220883	
8	00:01:15.5434822	

Number of times a thread has waited for work
	50	
1	0	
2	111	
4	832	
6	3136	
8	7009	

Number of times a thread has completed a computational kernel
	50	
1	307418	
2	307418	
4	307418	
6	307418	
8	307418	

Number of times a thread has received work from a secondary producer (in pipelined mode)
	50	
1	0	
2	82	
4	344	
6	628	
8	1350	

Number of times threads have waited to long for a pulse / waited to long for a pulse when producer was completed
	50	
1	0,0	
2	0,0	
4	0,0	
6	0,0	
8	0,0	
