
Running time
	35	
1	00:01:16.1434525	
2	00:00:39.2381671	
4	00:00:20.5512096	
6	00:00:14.4624551	
8	00:00:11.4939207	

Number of times a thread has waited for work
	35	
1	0	
2	157	
4	1352	
6	2869	
8	4383	

Number of times a thread has completed a computational kernel
	35	
1	134728	
2	134728	
4	134728	
6	134728	
8	134728	

Number of times a thread has received work from a secondary producer (in pipelined mode)
	35	
1	0	
2	44	
4	303	
6	691	
8	1146	

Number of times threads have waited to long for a pulse / waited to long for a pulse when producer was completed
	35	
1	0,0	
2	0,0	
4	0,0	
6	0,0	
8	0,0	
