
Running time
	10	
1	00:02:02.0187816	
2	00:01:29.1313103	
4	00:01:14.8542273	
6	00:01:11.8478453	
8	00:01:15.2393056	

Number of times a thread has waited for work
	10	
1	0	
2	86	
4	352	
6	660	
8	898	

Number of times a thread has completed a computational kernel
	10	
1	4470458	
2	4470458	
4	4470458	
6	4470458	
8	4470458	

Number of times a thread has received work from a secondary producer (in pipelined mode)
	10	
1	0	
2	68	
4	461	
6	485	
8	719	

Number of times threads have waited to long for a pulse / waited to long for a pulse when producer was completed
	10	
1	0,0	
2	0,0	
4	0,0	
6	0,0	
8	0,0	
