
Running time
	80	
1	00:01:29.9638525	
2	00:00:45.3733509	
4	00:00:23.1438565	
6	00:00:16.0442308	
8	00:00:12.4378952	

Number of times a thread has waited for work
	80	
1	0	
2	103	
4	663	
6	1966	
8	3775	

Number of times a thread has completed a computational kernel
	80	
1	16088	
2	16088	
4	16088	
6	16088	
8	16088	

Number of times a thread has received work from a secondary producer (in pipelined mode)
	80	
1	0	
2	40	
4	264	
6	612	
8	1189	

Number of times threads have waited to long for a pulse / waited to long for a pulse when producer was completed
	80	
1	0,0	
2	0,0	
4	0,0	
6	0,0	
8	0,0	
