
Running time
	30	
1	00:01:15.5318015	
2	00:00:39.2877703	
4	00:00:20.9100475	
6	00:00:14.7769098	
8	00:00:12.1064468	

Number of times a thread has waited for work
	30	
1	0	
2	139	
4	1174	
6	2947	
8	4738	

Number of times a thread has completed a computational kernel
	30	
1	192668	
2	192668	
4	192668	
6	192668	
8	192668	

Number of times a thread has received work from a secondary producer (in pipelined mode)
	30	
1	0	
2	70	
4	226	
6	585	
8	1161	

Number of times threads have waited to long for a pulse / waited to long for a pulse when producer was completed
	30	
1	0,0	
2	0,0	
4	0,0	
6	0,0	
8	0,0	
