
Running time
	25	
1	00:01:17.3191579	
2	00:00:40.9913559	
4	00:00:22.6615267	
6	00:00:16.7604543	
8	00:00:14.0161163	

Number of times a thread has waited for work
	25	
1	0	
2	107	
4	791	
6	2355	
8	4324	

Number of times a thread has completed a computational kernel
	25	
1	307418	
2	307418	
4	307418	
6	307418	
8	307418	

Number of times a thread has received work from a secondary producer (in pipelined mode)
	25	
1	0	
2	71	
4	305	
6	575	
8	1343	

Number of times threads have waited to long for a pulse / waited to long for a pulse when producer was completed
	25	
1	0,0	
2	0,0	
4	0,0	
6	0,0	
8	0,0	
