
Running time
	20	
1	00:01:20.7859625	
2	00:00:44.9302895	
4	00:00:26.1422757	
6	00:00:20.2418589	
8	00:00:17.4216733	

Number of times a thread has waited for work
	20	
1	0	
2	112	
4	813	
6	2031	
8	2972	

Number of times a thread has completed a computational kernel
	20	
1	586508	
2	586508	
4	586508	
6	586508	
8	586508	

Number of times a thread has received work from a secondary producer (in pipelined mode)
	20	
1	0	
2	57	
4	340	
6	565	
8	1256	

Number of times threads have waited to long for a pulse / waited to long for a pulse when producer was completed
	20	
1	0,0	
2	0,0	
4	0,0	
6	0,0	
8	0,0	
