
Running time
	40	
1	00:01:16.0513179	
2	00:00:38.7275938	
4	00:00:20.1164640	
6	00:00:14.0006818	
8	00:00:11.0453393	

Number of times a thread has waited for work
	40	
1	0	
2	131	
4	1204	
6	2662	
8	4452	

Number of times a thread has completed a computational kernel
	40	
1	89732	
2	89732	
4	89732	
6	89732	
8	89732	

Number of times a thread has received work from a secondary producer (in pipelined mode)
	40	
1	0	
2	41	
4	265	
6	656	
8	1145	

Number of times threads have waited to long for a pulse / waited to long for a pulse when producer was completed
	40	
1	0,0	
2	0,0	
4	0,0	
6	0,0	
8	0,0	
