
Running time
	50	
1	00:01:17.0183369	
2	00:00:38.9327991	
4	00:00:20.0308594	
6	00:00:13.7847510	
8	00:00:10.7441123	

Number of times a thread has waited for work
	50	
1	0	
2	111	
4	847	
6	2356	
8	4147	

Number of times a thread has completed a computational kernel
	50	
1	42938	
2	42938	
4	42938	
6	42938	
8	42938	

Number of times a thread has received work from a secondary producer (in pipelined mode)
	50	
1	0	
2	40	
4	289	
6	557	
8	1222	

Number of times threads have waited to long for a pulse / waited to long for a pulse when producer was completed
	50	
1	0,0	
2	0,0	
4	0,0	
6	0,0	
8	0,0	
