
Running time
	30	
1	00:01:23.2569918	
2	00:00:43.1611792	
4	00:00:22.7513429	
6	00:00:15.9366871	
8	00:00:12.5327833	

Running time in ticks
	30	
1	832569918	
2	431611792	
4	227513429	
6	159366871	
8	125327833	

Number of times a thread has waited for work
	30	
1	0	
2	4	
4	49	
6	173	
8	223	

Number of ticks a thread has waited for work
	30	
1	0	
2	15875	
4	105786	
6	265931	
8	380823	

Number of ticks a thread has waited to enter TryGetWork method
	30	
1	773679	
2	2151076	
4	3302092	
6	4873159	
8	5685788	

Number of times a thread has completed a computational kernel
	30	
1	402220	
2	402220	
4	402220	
6	402220	
8	402220	

Number of times a thread has received work from a secondary producer (in pipelined mode)
	30	
1	0	
2	0	
4	0	
6	0	
8	0	

Number of times threads have waited to long for a pulse / waited to long for a pulse when producer was completed
	30	
1	0,0	
2	0,0	
4	0,0	
6	0,0	
8	0,0	
