
Running time
	60	
1	00:01:20.8559069	
2	00:00:40.6481590	
4	00:00:20.4538596	
6	00:00:13.7750333	
8	00:00:10.4621844	

Running time in ticks
	60	
1	808559069	
2	406481590	
4	204538596	
6	137750333	
8	104621844	

Number of times a thread has waited for work
	60	
1	0	
2	4	
4	34	
6	181	
8	482	

Number of ticks a thread has waited for work
	60	
1	0	
2	84796	
4	618298	
6	1833449	
8	3947230	

Number of ticks a thread has waited to enter TryGetWork method
	60	
1	101496	
2	697529	
4	1189918	
6	1688725	
8	1773049	

Number of times a thread has completed a computational kernel
	60	
1	51170	
2	51170	
4	51170	
6	51170	
8	51170	

Number of times a thread has received work from a secondary producer (in pipelined mode)
	60	
1	0	
2	0	
4	0	
6	0	
8	0	

Number of times threads have waited to long for a pulse / waited to long for a pulse when producer was completed
	60	
1	0,0	
2	0,0	
4	0,0	
6	0,0	
8	0,0	
