
Running time
	40	
1	00:01:20.3211743	
2	00:00:40.7912060	
4	00:00:20.8503599	
6	00:00:14.2171893	
8	00:00:10.9133913	

Running time in ticks
	40	
1	803211743	
2	407912060	
4	208503599	
6	142171893	
8	109133913	

Number of times a thread has waited for work
	40	
1	0	
2	4	
4	36	
6	196	
8	499	

Number of ticks a thread has waited for work
	40	
1	0	
2	28913	
4	198194	
6	633676	
8	1240938	

Number of ticks a thread has waited to enter TryGetWork method
	40	
1	304125	
2	1194315	
4	1819606	
6	2597964	
8	2586895	

Number of times a thread has completed a computational kernel
	40	
1	170688	
2	170688	
4	170688	
6	170688	
8	170688	

Number of times a thread has received work from a secondary producer (in pipelined mode)
	40	
1	0	
2	0	
4	0	
6	0	
8	0	

Number of times threads have waited to long for a pulse / waited to long for a pulse when producer was completed
	40	
1	0,0	
2	0,0	
4	0,0	
6	0,0	
8	0,0	
