
Running time
	20	
1	00:01:32.5507225	
2	00:00:52.2921815	
4	00:00:29.8889687	
6	00:00:22.5535913	
8	00:00:19.1234850	

Running time in ticks
	20	
1	925507225	
2	522921815	
4	298889687	
6	225535913	
8	191234850	

Number of times a thread has waited for work
	20	
1	0	
2	3	
4	28	
6	62	
8	87	

Number of ticks a thread has waited for work
	20	
1	0	
2	9171	
4	27965	
6	62143	
8	85716	

Number of ticks a thread has waited to enter TryGetWork method
	20	
1	2129393	
2	5909470	
4	9448725	
6	15970005	
8	30520374	

Number of times a thread has completed a computational kernel
	20	
1	1317750	
2	1317750	
4	1317750	
6	1317750	
8	1317750	

Number of times a thread has received work from a secondary producer (in pipelined mode)
	20	
1	0	
2	0	
4	0	
6	0	
8	0	

Number of times threads have waited to long for a pulse / waited to long for a pulse when producer was completed
	20	
1	0,0	
2	0,0	
4	0,0	
6	0,0	
8	0,0	
