
Running time
	10	
1	00:02:32.0883774	
2	00:01:54.4567522	
4	00:01:33.2027536	
6	00:01:27.6208393	
8	00:01:29.5483469	

Running time in ticks
	10	
1	1520883774	
2	1144567522	
4	932027536	
6	876208393	
8	895483469	

Number of times a thread has waited for work
	10	
1	0	
2	3	
4	8	
6	16	
8	21	

Number of ticks a thread has waited for work
	10	
1	0	
2	6766	
4	2834	
6	7086	
8	13725	

Number of ticks a thread has waited to enter TryGetWork method
	10	
1	16827993	
2	76313491	
4	231974712	
6	592074800	
8	1094191959	

Number of times a thread has completed a computational kernel
	10	
1	10479250	
2	10479250	
4	10479250	
6	10479250	
8	10479250	

Number of times a thread has received work from a secondary producer (in pipelined mode)
	10	
1	0	
2	0	
4	0	
6	0	
8	0	

Number of times threads have waited to long for a pulse / waited to long for a pulse when producer was completed
	10	
1	0,0	
2	0,0	
4	0,0	
6	0,0	
8	0,0	
