
Running time
	70	
1	00:01:25.6039053	
2	00:00:42.8934946	
4	00:00:21.5830677	
6	00:00:14.5517091	
8	00:00:11.1419943	

Running time in ticks
	70	
1	856039053	
2	428934946	
4	215830677	
6	145517091	
8	111419943	

Number of times a thread has waited for work
	70	
1	0	
2	4	
4	35	
6	91	
8	217	

Number of ticks a thread has waited for work
	70	
1	0	
2	133090	
4	952479	
6	2473854	
8	4084764	

Number of ticks a thread has waited to enter TryGetWork method
	70	
1	65045	
2	580732	
4	1096680	
6	1715977	
8	6548141	

Number of times a thread has completed a computational kernel
	70	
1	32412	
2	32412	
4	32412	
6	32412	
8	32412	

Number of times a thread has received work from a secondary producer (in pipelined mode)
	70	
1	0	
2	0	
4	0	
6	0	
8	0	

Number of times threads have waited to long for a pulse / waited to long for a pulse when producer was completed
	70	
1	0,0	
2	0,0	
4	0,0	
6	0,0	
8	0,0	
