
Running time
	80	
1	00:01:26.2883112	
2	00:00:43.2379083	
4	00:00:21.7408702	
6	00:00:14.6387233	
8	00:00:11.0198352	

Running time in ticks
	80	
1	862883112	
2	432379083	
4	217408702	
6	146387233	
8	110198352	

Number of times a thread has waited for work
	80	
1	0	
2	5	
4	125	
6	318	
8	291	

Number of ticks a thread has waited for work
	80	
1	0	
2	243814	
4	2707341	
6	7170550	
8	5212751	

Number of ticks a thread has waited to enter TryGetWork method
	80	
1	49281	
2	544742	
4	1030341	
6	1363669	
8	1082907	

Number of times a thread has completed a computational kernel
	80	
1	22880	
2	22880	
4	22880	
6	22880	
8	22880	

Number of times a thread has received work from a secondary producer (in pipelined mode)
	80	
1	0	
2	0	
4	0	
6	0	
8	0	

Number of times threads have waited to long for a pulse / waited to long for a pulse when producer was completed
	80	
1	0,0	
2	0,0	
4	0,0	
6	0,0	
8	0,0	
