
Running time
	50	
1	00:01:20.5795856	
2	00:00:40.6918029	
4	00:00:20.5045372	
6	00:00:13.8568415	
8	00:00:10.5739492	

Running time in ticks
	50	
1	805795856	
2	406918029	
4	205045372	
6	138568415	
8	105739492	

Number of times a thread has waited for work
	50	
1	0	
2	3	
4	28	
6	81	
8	183	

Number of ticks a thread has waited for work
	50	
1	0	
2	42642	
4	337852	
6	903260	
8	1708209	

Number of ticks a thread has waited to enter TryGetWork method
	50	
1	158601	
2	811443	
4	1337289	
6	1830381	
8	3004163	

Number of times a thread has completed a computational kernel
	50	
1	85850	
2	85850	
4	85850	
6	85850	
8	85850	

Number of times a thread has received work from a secondary producer (in pipelined mode)
	50	
1	0	
2	0	
4	0	
6	0	
8	0	

Number of times threads have waited to long for a pulse / waited to long for a pulse when producer was completed
	50	
1	0,0	
2	0,0	
4	0,0	
6	0,0	
8	0,0	
