
Running time
	10	
1	00:03:38.1513003	
2	00:02:41.2980748	
4	00:02:12.9446999	
6	00:02:07.1548931	
8	00:02:14.3391239	

Number of times a thread has waited for work
	10	
1	0	
2	3	
4	13	
6	25	
8	33	

Number of times a thread has completed a computational kernel
	10	
1	15687500	
2	15687500	
4	15687500	
6	15687500	
8	15687500	

Number of times a thread has received work from a secondary producer (in pipelined mode)
	10	
1	0	
2	0	
4	0	
6	0	
8	0	

Number of times threads have waited to long for a pulse / waited to long for a pulse when producer was completed
	10	
1	0,0	
2	0,0	
4	0,0	
6	0,0	
8	0,0	
