
Running time
	10	
1	00:00:43.6796830	
2	00:00:35.4086622	
4	00:00:26.5093182	
6	00:00:25.3699271	
8	00:00:26.7890285	

Running time in ticks
	10	
1	436796830	
2	354086622	
4	265093182	
6	253699271	
8	267890285	

Number of times a thread has waited for work
	10	
1	0	
2	905	
4	2933	
6	3889	
8	5046	

Number of ticks a thread has waited for work
	10	
1	0	
2	23317810	
4	1716684	
6	2892627	
8	4329215	

Number of ticks a thread has waited to enter TryGetWork method
	10	
1	2957673	
2	19496968	
4	61590818	
6	142140066	
8	284279706	

Number of times a thread has completed a computational kernel
	10	
1	1651403	
2	1651403	
4	1651403	
6	1651403	
8	1651403	

Number of times a thread has received work from a secondary producer (in pipelined mode)
	10	
1	0	
2	714	
4	2624	
6	4321	
8	5399	

Number of times threads have waited to long for a pulse / waited to long for a pulse when producer was completed
	10	
1	0,0	
2	0,0	
4	0,0	
6	0,0	
8	0,0	
