
Running time
	80	
1	00:00:46.3627655	
2	00:00:24.0852394	
4	00:00:17.2596906	
6	00:00:16.2761572	
8	00:00:16.2954640	

Running time in ticks
	80	
1	463627655	
2	240852394	
4	172596906	
6	162761572	
8	162954640	

Number of times a thread has waited for work
	80	
1	0	
2	727	
4	10653	
6	24810	
8	38680	

Number of ticks a thread has waited for work
	80	
1	0	
2	13488118	
4	206661835	
6	473141847	
8	762393221	

Number of ticks a thread has waited to enter TryGetWork method
	80	
1	30312	
2	2386368	
4	12183751	
6	22858410	
8	43159139	

Number of times a thread has completed a computational kernel
	80	
1	11678	
2	11678	
4	11678	
6	11678	
8	11678	

Number of times a thread has received work from a secondary producer (in pipelined mode)
	80	
1	0	
2	361	
4	1246	
6	1392	
8	1417	

Number of times threads have waited to long for a pulse / waited to long for a pulse when producer was completed
	80	
1	0,0	
2	0,0	
4	0,0	
6	0,0	
8	0,0	
