
Running time
	40	
1	00:00:33.7207605	
2	00:00:17.5714606	
4	00:00:09.5835960	
6	00:00:07.6159640	
8	00:00:07.2627232	

Running time in ticks
	40	
1	337207605	
2	175714606	
4	95835960	
6	76159640	
8	72627232	

Number of times a thread has waited for work
	40	
1	0	
2	676	
4	4816	
6	17764	
8	37131	

Number of ticks a thread has waited for work
	40	
1	0	
2	3732693	
4	15155553	
6	46029251	
8	105644421	

Number of ticks a thread has waited to enter TryGetWork method
	40	
1	96275	
2	4083294	
4	15421740	
6	39435194	
8	75223380	

Number of times a thread has completed a computational kernel
	40	
1	45475	
2	45475	
4	45475	
6	45475	
8	45475	

Number of times a thread has received work from a secondary producer (in pipelined mode)
	40	
1	0	
2	451	
4	2537	
6	4655	
8	6699	

Number of times threads have waited to long for a pulse / waited to long for a pulse when producer was completed
	40	
1	0,0	
2	0,0	
4	0,0	
6	0,0	
8	0,0	
