
Running time
	20	
1	00:00:31.8965547	
2	00:00:18.3232187	
4	00:00:11.1112070	
6	00:00:09.2058172	
8	00:00:08.4684925	

Running time in ticks
	20	
1	318965547	
2	183232187	
4	111112070	
6	92058172	
8	84684925	

Number of times a thread has waited for work
	20	
1	0	
2	1177	
4	5976	
6	10498	
8	12377	

Number of ticks a thread has waited for work
	20	
1	0	
2	5589715	
4	5741442	
6	10223197	
8	12533728	

Number of ticks a thread has waited to enter TryGetWork method
	20	
1	536404	
2	5985715	
4	28487372	
6	52803308	
8	93711314	

Number of times a thread has completed a computational kernel
	20	
1	252168	
2	252168	
4	252168	
6	252168	
8	252168	

Number of times a thread has received work from a secondary producer (in pipelined mode)
	20	
1	0	
2	530	
4	2938	
6	6178	
8	11036	

Number of times threads have waited to long for a pulse / waited to long for a pulse when producer was completed
	20	
1	0,0	
2	0,0	
4	0,0	
6	0,0	
8	0,0	
