
Running time
	35	
1	00:00:33.0213611	
2	00:00:17.3422537	
4	00:00:09.5238037	
6	00:00:07.3698647	
8	00:00:06.8758358	

Running time in ticks
	35	
1	330213611	
2	173422537	
4	95238037	
6	73698647	
8	68758358	

Number of times a thread has waited for work
	35	
1	0	
2	705	
4	4108	
6	14887	
8	32372	

Number of ticks a thread has waited for work
	35	
1	0	
2	2998467	
4	10753315	
6	31680469	
8	60858211	

Number of ticks a thread has waited to enter TryGetWork method
	35	
1	137273	
2	4644290	
4	17088280	
6	39221097	
8	82683584	

Number of times a thread has completed a computational kernel
	35	
1	65228	
2	65228	
4	65228	
6	65228	
8	65228	

Number of times a thread has received work from a secondary producer (in pipelined mode)
	35	
1	0	
2	434	
4	2715	
6	5642	
8	8236	

Number of times threads have waited to long for a pulse / waited to long for a pulse when producer was completed
	35	
1	0,0	
2	0,0	
4	0,0	
6	0,0	
8	0,0	
