
Running time
	50	
1	00:00:36.4104044	
2	00:00:18.8383942	
4	00:00:10.4789494	
6	00:00:08.9857368	
8	00:00:08.7929902	

Running time in ticks
	50	
1	364104044	
2	188383942	
4	104789494	
6	89857368	
8	87929902	

Number of times a thread has waited for work
	50	
1	0	
2	514	
4	6108	
6	24701	
8	42357	

Number of ticks a thread has waited for work
	50	
1	0	
2	4613512	
4	29291670	
6	116931771	
8	229119280	

Number of ticks a thread has waited to enter TryGetWork method
	50	
1	62235	
2	3762193	
4	15800857	
6	30711715	
8	61247381	

Number of times a thread has completed a computational kernel
	50	
1	28427	
2	28427	
4	28427	
6	28427	
8	28427	

Number of times a thread has received work from a secondary producer (in pipelined mode)
	50	
1	0	
2	445	
4	2156	
6	3555	
8	3965	

Number of times threads have waited to long for a pulse / waited to long for a pulse when producer was completed
	50	
1	0,0	
2	0,0	
4	0,0	
6	0,0	
8	0,0	
