
Running time
	30	
1	00:00:31.8998784	
2	00:00:17.0217905	
4	00:00:09.5222379	
6	00:00:07.3922197	
8	00:00:06.6170256	

Running time in ticks
	30	
1	318998784	
2	170217905	
4	95222379	
6	73922197	
8	66170256	

Number of times a thread has waited for work
	30	
1	0	
2	939	
4	4719	
6	12351	
8	24215	

Number of ticks a thread has waited for work
	30	
1	0	
2	3808068	
4	8607371	
6	17698011	
8	32792417	

Number of ticks a thread has waited to enter TryGetWork method
	30	
1	192498	
2	5282740	
4	18627873	
6	49187868	
8	86512226	

Number of times a thread has completed a computational kernel
	30	
1	92237	
2	92237	
4	92237	
6	92237	
8	92237	

Number of times a thread has received work from a secondary producer (in pipelined mode)
	30	
1	0	
2	488	
4	2704	
6	6064	
8	10162	

Number of times threads have waited to long for a pulse / waited to long for a pulse when producer was completed
	30	
1	0,0	
2	0,0	
4	0,0	
6	0,0	
8	0,0	
