
Running time
	25	
1	00:00:31.8398418	
2	00:00:17.6305556	
4	00:00:10.0293350	
6	00:00:07.9759151	
8	00:00:07.1747739	

Running time in ticks
	25	
1	318398418	
2	176305556	
4	100293350	
6	79759151	
8	71747739	

Number of times a thread has waited for work
	25	
1	0	
2	1045	
4	5630	
6	10929	
8	17459	

Number of ticks a thread has waited for work
	25	
1	0	
2	5225665	
4	11679993	
6	14162404	
8	19059691	

Number of ticks a thread has waited to enter TryGetWork method
	25	
1	294542	
2	5218119	
4	31422423	
6	57247886	
8	100592991	

Number of times a thread has completed a computational kernel
	25	
1	145990	
2	145990	
4	145990	
6	145990	
8	145990	

Number of times a thread has received work from a secondary producer (in pipelined mode)
	25	
1	0	
2	490	
4	2683	
6	6333	
8	11606	

Number of times threads have waited to long for a pulse / waited to long for a pulse when producer was completed
	25	
1	0,0	
2	0,0	
4	0,0	
6	0,0	
8	0,0	
