
Running time
	90	
1	00:04:36.6313463	
2	00:02:19.1118487	
4	00:01:10.7005756	
6	00:00:47.9023647	
8	00:00:36.8272578	

Running time in ticks
	90	
1	2766313463	
2	1391118487	
4	707005756	
6	479023647	
8	368272578	

Number of times a thread has waited for work
	90	
1	0	
2	155	
4	914	
6	2240	
8	4072	

Number of ticks a thread has waited for work
	90	
1	0	
2	9846004	
4	35688951	
6	61873905	
8	99103570	

Number of ticks a thread has waited to enter TryGetWork method
	90	
1	86084	
2	838166	
4	4979997	
6	7071339	
8	14864492	

Number of times a thread has completed a computational kernel
	90	
1	32044	
2	32044	
4	32044	
6	32044	
8	32044	

Number of times a thread has received work from a secondary producer (in pipelined mode)
	90	
1	0	
2	40	
4	278	
6	607	
8	1071	

Number of times threads have waited to long for a pulse / waited to long for a pulse when producer was completed
	90	
1	0,0	
2	0,0	
4	0,0	
6	0,0	
8	0,0	
