
Running time
	120	
1	00:04:56.4544205	
2	00:02:29.2551454	
4	00:01:15.7967588	
6	00:00:52.4965901	
8	00:00:40.2658004	

Running time in ticks
	120	
1	2964544205	
2	1492551454	
4	757967588	
6	524965901	
8	402658004	

Number of times a thread has waited for work
	120	
1	0	
2	124	
4	683	
6	2151	
8	3867	

Number of ticks a thread has waited for work
	120	
1	0	
2	15351466	
4	52863483	
6	150494076	
8	204795478	

Number of ticks a thread has waited to enter TryGetWork method
	120	
1	48269	
2	760706	
4	4119721	
6	7427045	
8	10186583	

Number of times a thread has completed a computational kernel
	120	
1	16088	
2	16088	
4	16088	
6	16088	
8	16088	

Number of times a thread has received work from a secondary producer (in pipelined mode)
	120	
1	0	
2	29	
4	256	
6	609	
8	1127	

Number of times threads have waited to long for a pulse / waited to long for a pulse when producer was completed
	120	
1	0,0	
2	0,0	
4	0,0	
6	0,0	
8	0,0	
