
Running time
	150	
1	00:05:07.9433439	
2	00:02:36.4010115	
4	00:01:21.2329970	
6	00:00:56.0339161	
8	00:00:46.4141922	

Running time in ticks
	150	
1	3079433439	
2	1564010115	
4	812329970	
6	560339161	
8	464141922	

Number of times a thread has waited for work
	150	
1	0	
2	123	
4	676	
6	1533	
8	4822	

Number of ticks a thread has waited for work
	150	
1	0	
2	40282350	
4	156380504	
6	253332021	
8	543283351	

Number of ticks a thread has waited to enter TryGetWork method
	150	
1	25543	
2	829705	
4	3471825	
6	6484582	
8	28021891	

Number of times a thread has completed a computational kernel
	150	
1	6548	
2	6548	
4	6548	
6	6548	
8	6548	

Number of times a thread has received work from a secondary producer (in pipelined mode)
	150	
1	0	
2	28	
4	263	
6	577	
8	994	

Number of times threads have waited to long for a pulse / waited to long for a pulse when producer was completed
	150	
1	0,0	
2	0,0	
4	0,0	
6	0,0	
8	0,0	
