
Running time
	110	
1	00:04:44.5974125	
2	00:02:23.3060309	
4	00:01:13.6743437	
6	00:00:50.0951463	
8	00:00:39.1921142	

Running time in ticks
	110	
1	2845974125	
2	1433060309	
4	736743437	
6	500951463	
8	391921142	

Number of times a thread has waited for work
	110	
1	0	
2	125	
4	847	
6	1960	
8	4213	

Number of ticks a thread has waited for work
	110	
1	0	
2	15678763	
4	84361395	
6	124317884	
8	231551122	

Number of ticks a thread has waited to enter TryGetWork method
	110	
1	48639	
2	1079625	
4	3612779	
6	7839001	
8	12786103	

Number of times a thread has completed a computational kernel
	110	
1	16088	
2	16088	
4	16088	
6	16088	
8	16088	

Number of times a thread has received work from a secondary producer (in pipelined mode)
	110	
1	0	
2	34	
4	221	
6	562	
8	1050	

Number of times threads have waited to long for a pulse / waited to long for a pulse when producer was completed
	110	
1	0,0	
2	0,0	
4	0,0	
6	0,0	
8	0,0	
