
Running time
	130	
1	00:04:56.3372551	
2	00:02:29.9046561	
4	00:01:16.4494502	
6	00:00:52.8864886	
8	00:00:40.2386507	

Running time in ticks
	130	
1	2963372551	
2	1499046561	
4	764494502	
6	528864886	
8	402386507	

Number of times a thread has waited for work
	130	
1	0	
2	145	
4	700	
6	1896	
8	3281	

Number of ticks a thread has waited for work
	130	
1	0	
2	26235682	
4	79745855	
6	178426689	
8	209853587	

Number of ticks a thread has waited to enter TryGetWork method
	130	
1	35188	
2	742895	
4	3369186	
6	8670213	
8	10991742	

Number of times a thread has completed a computational kernel
	130	
1	10618	
2	10618	
4	10618	
6	10618	
8	10618	

Number of times a thread has received work from a secondary producer (in pipelined mode)
	130	
1	0	
2	32	
4	201	
6	552	
8	977	

Number of times threads have waited to long for a pulse / waited to long for a pulse when producer was completed
	130	
1	0,0	
2	0,0	
4	0,0	
6	0,0	
8	0,0	
