
Running time
	80	
1	00:04:28.3926701	
2	00:02:15.1870739	
4	00:01:08.5436490	
6	00:00:46.6502670	
8	00:00:35.6760231	

Running time in ticks
	80	
1	2683926701	
2	1351870739	
4	685436490	
6	466502670	
8	356760231	

Number of times a thread has waited for work
	80	
1	0	
2	135	
4	993	
6	2424	
8	4503	

Number of ticks a thread has waited for work
	80	
1	0	
2	7095577	
4	27583538	
6	52893528	
8	83869469	

Number of ticks a thread has waited to enter TryGetWork method
	80	
1	114561	
2	1004678	
4	4467233	
6	8512016	
8	12920876	

Number of times a thread has completed a computational kernel
	80	
1	42938	
2	42938	
4	42938	
6	42938	
8	42938	

Number of times a thread has received work from a secondary producer (in pipelined mode)
	80	
1	0	
2	39	
4	264	
6	622	
8	1050	

Number of times threads have waited to long for a pulse / waited to long for a pulse when producer was completed
	80	
1	0,0	
2	0,0	
4	0,0	
6	0,0	
8	0,0	
