
Running time
	100	
1	00:04:40.0545048	
2	00:02:21.0565838	
4	00:01:11.4946810	
6	00:00:48.5326891	
8	00:00:37.6632564	

Running time in ticks
	100	
1	2800545048	
2	1410565838	
4	714946810	
6	485326891	
8	376632564	

Number of times a thread has waited for work
	100	
1	0	
2	137	
4	768	
6	1913	
8	4429	

Number of ticks a thread has waited for work
	100	
1	0	
2	12894185	
4	40570512	
6	75183786	
8	147212160	

Number of ticks a thread has waited to enter TryGetWork method
	100	
1	65050	
2	846317	
4	4151781	
6	5741215	
8	12033895	

Number of times a thread has completed a computational kernel
	100	
1	23162	
2	23162	
4	23162	
6	23162	
8	23162	

Number of times a thread has received work from a secondary producer (in pipelined mode)
	100	
1	0	
2	37	
4	261	
6	591	
8	1077	

Number of times threads have waited to long for a pulse / waited to long for a pulse when producer was completed
	100	
1	0,0	
2	0,0	
4	0,0	
6	0,0	
8	0,0	
